[{"site": "tumblr.com", "ranking": "48", "loginpages": [{"loginpage": "https://www.tumblr.com/login", "SSOs": [{"provider": "apple.com", "xpath": "//div[@class=\"SiQEE\"]", "tag": "<a class=\"Z8Ux2 qjTo7 CguuB QXFvZ\" data-testid=\"apple-login-button\" href=\"/auth/apple?redirectTo=undefined\" style=\"--button-text:#000000; --button-bg:#ffffff;\"><svg height=\"24\" viewbox=\"0 0 39 44\" width=\"23\"><g fill=\"none\"><path d=\"M0 0h39v44H0z\" fill=\"none\"></path><path d=\"M19.82 13.138c1.083 0 2.44-.732 3.25-1.708.732-.885 1.266-2.121 1.266-3.357 0-.168-.015-.336-.046-.473-1.205.046-2.655.809-3.524 1.83-.687.779-1.313 2-1.313 3.25 0 .184.031.367.046.428.077.015.199.03.32.03zM16.005 31.6c1.48 0 2.136-.992 3.983-.992 1.876 0 2.288.961 3.936.961 1.617 0 2.7-1.495 3.723-2.96 1.144-1.678 1.617-3.326 1.648-3.402-.107-.03-3.205-1.297-3.205-4.852 0-3.082 2.442-4.47 2.579-4.577-1.617-2.32-4.074-2.38-4.745-2.38-1.816 0-3.296 1.098-4.226 1.098-1.007 0-2.335-1.037-3.906-1.037-2.99 0-6.027 2.472-6.027 7.14 0 2.9 1.13 5.966 2.517 7.95 1.19 1.678 2.228 3.051 3.723 3.051z\" fill=\"#000\"></path></g></svg><div class=\"SiQEE\">Continue with Apple</div></a>", "url": "https://www.tumblr.com/auth/apple?redirectTo=undefined"}]}]}, 
{"site": "gravatar.com", "ranking": "60", "loginpages": [{"loginpage": "https://en.gravatar.com/connect/", "SSOs": [{"provider": "google.com", "xpath": "//button/*[contains(text(), \"Continue with Google\")]", "tag": "<button class=\"social-buttons__button button\"><svg class=\"social-icons social-icons__google social-icons--enabled\" height=\"20\" viewbox=\"0 0 20 20\" width=\"20\" xmlns=\"http://www.w3.org/2000/svg\"><g fill=\"none\" fill-rule=\"evenodd\"><path d=\"M19.6 10.227c0-.709-.064-1.39-.182-2.045H10v3.868h5.382a4.6 4.6 0 0 1-1.996 3.018v2.51h3.232c1.891-1.742 2.982-4.305 2.982-7.35z\" fill=\"#4285F4\"></path><path d=\"M10 20c2.7 0 4.964-.895 6.618-2.423l-3.232-2.509c-.895.6-2.04.955-3.386.955-2.605 0-4.81-1.76-5.595-4.123H1.064v2.59A9.996 9.996 0 0 0 10 20z\" fill=\"#34A853\"></path><path d=\"M4.405 11.9c-.2-.6-.314-1.24-.314-1.9 0-.66.114-1.3.314-1.9V5.51H1.064A9.996 9.996 0 0 0 0 10c0 1.614.386 3.14 1.064 4.49l3.34-2.59z\" fill=\"#FBBC05\"></path><path d=\"M10 3.977c1.468 0 2.786.505 3.823 1.496l2.868-2.868C14.959.99 12.695 0 10 0 6.09 0 2.71 2.24 1.064 5.51l3.34 2.59C5.192 5.736 7.396 3.977 10 3.977z\" fill=\"#EA4335\"></path></g></svg><span class=\"social-buttons__service-name\">Continue with Google</span></button>", "url": "https://accounts.google.com/o/oauth2/iframe#origin=https%3A%2F%2Fwordpress.com&amp;rpcToken=491520037.056803"}]}]}, 
{"site": "medium.com", "ranking": "68", "loginpages": [{"loginpage": "https://medium.com/m/signin", "SSOs": [{"provider": "twitter.com", "xpath": "//a/*[contains(text(), \"Sign in with Twitter\")]", "tag": "<a class=\"br b bz ca bu cb an cc cd ce cf cg ch ci cj ck cl cm cn\" href=\"//medium.com/m/account/authenticate-twitter?state=twitter-%7Chttps%3A%2F%2Fmedium.com%2F%3Fsource%3Dlogin----------------------------------------%7Clogin&amp;source=login----------------------------------------\" rel=\"noopener follow\"><div class=\"l m\"><svg class=\"ev co cp al\" height=\"25\" viewbox=\"0 0 25 25\" width=\"25\"><path d=\"M22.3 4.3c-.82.51-1.72.88-2.67 1.08a4.25 4.25 0 0 0-6.18-.12 4.3 4.3 0 0 0-1.26 3.03c0 .34.04.67.08 1a12.2 12.2 0 0 1-8.81-4.52 4.8 4.8 0 0 0-.62 2.14 4.44 4.44 0 0 0 1.92 3.6 4.13 4.13 0 0 1-1.91-.55v.07c0 2.06 1.47 3.8 3.44 4.21-.37.08-.74.13-1.15.15l-.76-.07a4.32 4.32 0 0 0 3.98 2.99A9.03 9.03 0 0 1 3 19.14l-1-.06A12.26 12.26 0 0 0 8.6 21c7.88 0 12.2-6.55 12.17-12.18.02-.23.02-.41 0-.62a8.06 8.06 0 0 0 2.15-2.23c-.77.37-1.6.6-2.45.7a4.1 4.1 0 0 0 1.84-2.38\"></path></svg>Sign in with Twitter</div></a>", "url": "https://medium.com/m/account/authenticate-twitter?state=twitter-%7Chttps%3A%2F%2Fmedium.com%2F%3Fsource%3Dlogin----------------------------------------%7Clogin&source=login----------------------------------------"}, {"provider": "apple.com", "xpath": "//a/*[contains(text(), \"Sign in with Apple\")]", "tag": "<a class=\"br b bz ca bu cb an cc cd ce cf cg ch ci cj ck cl cm cn\" href=\"//medium.com/m/start-auth/apple?state=apple-%7Chttps%3A%2F%2Fmedium.com%2F%3Fsource%3Dlogin----------------------------------------%7Clogin&amp;source=login----------------------------------------\" rel=\"noopener follow\"><div class=\"l m\"><svg class=\"co cp al\" fill=\"none\" height=\"25\" viewbox=\"0 0 25 25\" width=\"25\"><path d=\"M16.86 12.48c.02 2.42 2.12 3.22 2.14 3.23-.02.06-.34 1.15-1.1 2.27-.67.98-1.36 1.94-2.45 1.96-1.07.02-1.41-.63-2.63-.63-1.23 0-1.6.61-2.62.65-1.05.04-1.85-1.05-2.52-2.02-1.37-1.98-2.42-5.6-1.01-8.04a3.9 3.9 0 0 1 3.3-2c1.03-.02 2 .7 2.64.7.63 0 1.8-.87 3.05-.74.52.02 1.98.21 2.92 1.58-.07.05-1.74 1.02-1.72 3.04zm-2.01-5.93c.56-.68.93-1.62.83-2.55-.8.03-1.78.54-2.35 1.21-.52.6-.97 1.55-.85 2.47.9.07 1.81-.46 2.37-1.13\" fill=\"#000\"></path></svg>Sign in with Apple</div></a>", "url": "medium.com/m/start-auth/apple?state=apple-%7Chttps%3A%2F%2Fmedium.com%2F%3Fsource%3Dlogin----------------------------------------%7Clogin&amp;source=login----------------------------------------"}, {"provider": "facebook.com", "xpath": "//a/*[contains(text(), \"Sign in with Facebook\")]", "tag": "<a class=\"br b bz ca bu cb an cc cd ce cf cg ch ci cj ck cl cm cn\" href=\"//medium.com/m/connect/facebook?state=facebook-%7Chttps%3A%2F%2Fmedium.com%2F%3Fsource%3Dlogin----------------------------------------%7Clogin&amp;source=login----------------------------------------\" rel=\"noopener follow\"><div class=\"l m\"><svg class=\"co cp al\" fill=\"#3B5998\" height=\"25\" width=\"25\"><path d=\"M20.3 4H4.7a.7.7 0 0 0-.7.7v15.6c0 .38.32.7.7.7h8.33v-6.38h-2.12v-2.65h2.12V9.84c0-2.2 1.4-3.27 3.35-3.27.94 0 1.75.07 1.98.1v2.3H17c-1.06 0-1.31.5-1.31 1.24v1.76h2.65l-.53 2.65H15.7l.04 6.38h4.56a.7.7 0 0 0 .71-.7V4.7a.7.7 0 0 0-.7-.7\" fill-rule=\"evenodd\"></path></svg>Sign in with Facebook</div></a>", "url": "https://medium.com/m/connect/facebook?state=facebook-%7Chttps%3A%2F%2Fmedium.com%2F%3Fsource%3Dlogin----------------------------------------%7Clogin&source=login----------------------------------------"}]}]}, 
{"site": "imdb.com", "ranking": "88", "loginpages": [{"loginpage": "https://www.imdb.com/registration/signin?ref=nv_generic_lgin", "SSOs": [{"provider": "apple.com", "xpath": "//a/*[contains(text(), \"Sign in with Apple\")]", "tag": "<a class=\"list-group-item\" href=\"https://www.imdb.com/ap/signin?openid.pape.max_auth_age=0&amp;openid.return_to=https%3A%2F%2Fwww.imdb.com%2Fregistration%2Fap-signin-handler%2Fimdb_apple&amp;openid.identity=http%3A%2F%2Fspecs.openid.net%2Fauth%2F2.0%2Fidentifier_select&amp;openid.assoc_handle=imdb_apple&amp;openid.mode=checkid_setup&amp;siteState=eyJvcGVuaWQuYXNzb2NfaGFuZGxlIjoiaW1kYl9hcHBsZSIsInJlZGlyZWN0VG8iOiJodHRwczovL3d3dy5pbWRiLmNvbS8_cmVmXz1sb2dpbiJ9&amp;openid.claimed_id=http%3A%2F%2Fspecs.openid.net%2Fauth%2F2.0%2Fidentifier_select&amp;openid.ns=http%3A%2F%2Fspecs.openid.net%2Fauth%2F2.0&amp;identityProvider=APPLE&amp;relyingParty=IMDbPool\"><span class=\"auth-sprite apple-logo retina\"></span><span class=\"auth-provider-text\">Sign in with Apple</span></a>", "url": "https://www.imdb.com/ap/signin?openid.pape.max_auth_age=0&amp;openid.return_to=https%3A%2F%2Fwww.imdb.com%2Fregistration%2Fap-signin-handler%2Fimdb_apple&amp;openid.identity=http%3A%2F%2Fspecs.openid.net%2Fauth%2F2.0%2Fidentifier_select&amp;openid.assoc_handle=imdb_apple&amp;openid.mode=checkid_setup&amp;siteState=eyJvcGVuaWQuYXNzb2NfaGFuZGxlIjoiaW1kYl9hcHBsZSIsInJlZGlyZWN0VG8iOiJodHRwczovL3d3dy5pbWRiLmNvbS8_cmVmXz1sb2dpbiJ9&amp;openid.claimed_id=http%3A%2F%2Fspecs.openid.net%2Fauth%2F2.0%2Fidentifier_select&amp;openid.ns=http%3A%2F%2Fspecs.openid.net%2Fauth%2F2.0&amp;identityProvider=APPLE&amp;relyingParty=IMDbPool"}, {"provider": "google.com", "xpath": "//a/*[contains(text(), \"Sign in with Google\")]", "tag": "<a class=\"list-group-item\" href=\"https://www.imdb.com/ap/signin?openid.pape.max_auth_age=0&amp;openid.return_to=https%3A%2F%2Fwww.imdb.com%2Fap-signin-handler&amp;openid.identity=http%3A%2F%2Fspecs.openid.net%2Fauth%2F2.0%2Fidentifier_select&amp;openid.assoc_handle=imdb_google&amp;openid.mode=checkid_setup&amp;siteState=eyJvcGVuaWQuYXNzb2NfaGFuZGxlIjoiaW1kYl9nb29nbGUiLCJyZWRpcmVjdFRvIjoiaHR0cHM6Ly93d3cuaW1kYi5jb20vP3JlZl89bG9naW4ifQ&amp;openid.claimed_id=http%3A%2F%2Fspecs.openid.net%2Fauth%2F2.0%2Fidentifier_select&amp;openid.ns=http%3A%2F%2Fspecs.openid.net%2Fauth%2F2.0&amp;identityProvider=GOOGLE&amp;relyingParty=IMDbPool\"><span class=\"auth-sprite google-logo retina\"></span><span class=\"auth-provider-text\">Sign in with Google</span></a>", "url": "https://www.imdb.com/ap/signin?openid.pape.max_auth_age=0&openid.return_to=https%3A%2F%2Fwww.imdb.com%2Fap-signin-handler&openid.identity=http%3A%2F%2Fspecs.openid.net%2Fauth%2F2.0%2Fidentifier_select&openid.assoc_handle=imdb_google&openid.mode=checkid_setup&siteState=eyJvcGVuaWQuYXNzb2NfaGFuZGxlIjoiaW1kYl9nb29nbGUiLCJyZWRpcmVjdFRvIjoiaHR0cHM6Ly93d3cuaW1kYi5jb20vP3JlZl89bG9naW4ifQ&openid.claimed_id=http%3A%2F%2Fspecs.openid.net%2Fauth%2F2.0%2Fidentifier_select&openid.ns=http%3A%2F%2Fspecs.openid.net%2Fauth%2F2.0&identityProvider=GOOGLE&relyingParty=IMDbPool"}]}]}, 
{"site": "naver.com", "ranking": "98", "loginpages": [{"loginpage": "https://nid.naver.com/nidlogin.login", "SSOs": [{"provider": "facebook.com", "xpath": "//a/*[contains(text(), \"Facebook\")]", "tag": "<a class=\"sns_item\" href=\"/oauth/global/initSNS.nhn?idp_cd=facebook&amp;locale=en_US&amp;svctype=1&amp;postDataKey=&amp;url=https%3A%2F%2Fwww.naver.com\"><span class=\"sns_text\">Facebook</span></a>", "url": "https://nid.naver.com/nidlogin.login"}, {"provider": "line.me", "xpath": "//a/*[contains(text(), \"Line\")]", "tag": "<a class=\"sns_item\" href=\"/oauth/global/initSNS.nhn?idp_cd=line&amp;locale=en_US&amp;svctype=1&amp;postDataKey=&amp;url=https%3A%2F%2Fwww.naver.com\"><span class=\"sns_text\">Line</span></a>", "url": "https://nid.naver.com/oauth/global/initSNS.nhn?idp_cd=line&locale=en_US&svctype=1&postDataKey=&url=https%3A%2F%2Fwww.naver.com"}, {"provider": "facebook.com", "xpath": "//a/*[contains(text(), \"Facebook\")]", "tag": "<a class=\"sns_item\" href=\"/oauth/global/initSNS.nhn?idp_cd=facebook&amp;locale=en_US&amp;svctype=1&amp;postDataKey=&amp;url=https%3A%2F%2Fwww.naver.com\"><span class=\"sns_text\">Facebook</span></a>", "url": "https://nid.naver.com/nidlogin.login"}]}]}, 
{"site": "douban.com", "ranking": "121", "loginpages": [{"loginpage": "https://accounts.douban.com/passport/login", "SSOs": [{"provider": "weibo.com", "xpath": "//a[@class=\"link-3rd-wb link-3rd-wb-on\"]", "tag": "<a class=\"link-3rd-wb link-3rd-wb-on\" href=\"https://www.douban.com/accounts/connect/sina_weibo/?from=None&amp;redir=http%3A//www.douban.com&amp;fallback=\" target=\"_top\" title=\"\u7528\u5fae\u535a\u767b\u5f55\">weibo</a>", "url": "https://www.douban.com/accounts/connect/sina_weibo/?from=None&amp;redir=http%3A//www.douban.com&amp;fallback="}, {"provider": "weibo.com", "xpath": "//a[@class=\"link-3rd-wb link-3rd-wb-on\"]", "tag": "<a class=\"link-3rd-wb link-3rd-wb-on\" href=\"https://www.douban.com/accounts/connect/sina_weibo/?from=None&amp;redir=http%3A//www.douban.com&amp;fallback=\" target=\"_top\" title=\"\u7528\u5fae\u535a\u767b\u5f55\">weibo</a>", "url": "https://www.douban.com/accounts/connect/sina_weibo/?from=None&amp;redir=http%3A//www.douban.com&amp;fallback="}, {"provider": "qq.com", "xpath": "//a[@class=\"link-3rd-wx link-3rd-wx-on\"]", "tag": "<a class=\"link-3rd-wx link-3rd-wx-on\" href=\"https://www.douban.com/accounts/connect/wechat/?from=None&amp;redir=http%3A//www.douban.com\" target=\"_top\" title=\"\u7528\u5fae\u4fe1\u767b\u5f55\">wechat</a>", "url": "https://www.douban.com/accounts/connect/wechat/?from=None&redir=http%3A//www.douban.com"}]}]}, 
{"site": "wix.com", "ranking": "127", "loginpages": [{"loginpage": "https://users.wix.com/signin?postLogin=https%3A%2F%2Fwww.wix.com%2Fmy-account%2Fsites&view=sign-up&sendEmail=true&loginCompName=Get%20Started%20F1&referralInfo=Get%20Started%20F1", "SSOs": [{"provider": "apple.com", "xpath": "//button/*[contains(text(), \"Continue with Apple\")]", "tag": "<button class=\"buttonContentWrapper social-btn\" ng-click=\"$ctrl.socialClicked('apple')\" ng-show=\"!$ctrl.appleLoading\" tabindex=\"0\" type=\"button\">\n<div class=\"buttonIcon\">\n<div class=\"buttonSvgImage\"></div>\n</div>\n<!-- ngIf: $ctrl.appleButtonText -->\n<!-- ngIf: !$ctrl.appleButtonText --><span class=\"buttonContents ng-binding ng-scope\" ng-if=\"!$ctrl.appleButtonText\">Continue with Apple</span><!-- end ngIf: !$ctrl.appleButtonText -->\n</button>"}, {"provider": "facebook.com", "xpath": "//button/*[contains(text(), \"Continue with Facebook\")]", "tag": "<button class=\"buttonContentWrapper social-btn ng-isolate-scope\" facebook-login=\"\" fb-error=\"$ctrl.fbError\" fb-loading=\"$ctrl.fbLoading\" ng-click=\"$ctrl.socialClicked('facebook')\" ng-show=\"!$ctrl.fbLoading\" tabindex=\"0\" type=\"button\">\n<div class=\"buttonIcon\">\n<div class=\"buttonSvgImage\"></div>\n</div>\n<!-- ngIf: $ctrl.fbButtonText -->\n<!-- ngIf: !$ctrl.fbButtonText --><span class=\"buttonContents ng-binding ng-scope\" ng-if=\"!$ctrl.fbButtonText\">Continue with Facebook</span><!-- end ngIf: !$ctrl.fbButtonText -->\n</button>"}, {"provider": "google.com", "xpath": "//button/*[contains(text(), \"Continue with Google\")]", "tag": "<button class=\"buttonContentWrapper social-btn ng-isolate-scope\" google-error=\"$ctrl.googleError\" google-loading=\"$ctrl.googleLoading\" google-login=\"\" google-pre-login-error=\"$ctrl.googlePreLoginError\" ng-click=\"$ctrl.socialClicked('google')\" ng-show=\"!$ctrl.googleLoading\" tabindex=\"0\" type=\"button\">\n<div class=\"buttonIcon\">\n<div class=\"buttonSvgImage\"></div>\n</div>\n<!-- ngIf: $ctrl.googleButtonText -->\n<!-- ngIf: !$ctrl.googleButtonText --><span class=\"buttonContents ng-binding ng-scope\" ng-if=\"!$ctrl.googleButtonText\">Continue with Google</span><!-- end ngIf: !$ctrl.googleButtonText -->\n</button>", "url": "https://accounts.google.com/o/oauth2/iframe#origin=https%3A%2F%2Fusers.wix.com&amp;rpcToken=524333844.66625226&amp;clearCache=1"}]}]}
]