{"microsoft.com": ["https://www.microsoft.com/mscomhp/onerf/signin;github"], "instagram.com": ["https://www.instagram.com/;apple", "https://www.instagram.com/;google"], "linkedin.com": ["https://www.linkedin.com/login;google"], "apple.com": ["https://authors.apple.com/prepare-your-book/508-designing-a-great-digital-book-cover;apple"], "pinterest.com": ["https://community.pinterest.biz/plugins/common/feature/oauth2sso_v2/sso_login_redirect?referer=https%3A%2F%2Fcommunity.pinterest.biz%2F;facebook", "https://community.pinterest.biz/plugins/common/feature/oauth2sso_v2/sso_login_redirect?referer=https%3A%2F%2Fcommunity.pinterest.biz%2F;ok", "https://community.pinterest.biz/plugins/common/feature/oauth2sso_v2/sso_login_redirect?referer=https%3A%2F%2Fcommunity.pinterest.biz%2F;line", "https://community.pinterest.biz/plugins/common/feature/oauth2sso_v2/sso_login_redirect?referer=https%3A%2F%2Fcommunity.pinterest.biz%2F;google"], "vimeo.com": ["https://vimeo.com/log_in;apple", "https://vimeo.com/log_in;ok", "https://vimeo.com/log_in;google"], "office.com": ["https://www.office.com/login?es=Click&ru=%2F;github", "https://www.office.com/login?es=Click&ru=%2F;ok", "https://www.office.com/login?es=Click&ru=%2F;vk"], "bing.com": ["https://www.bing.com/fd/auth/signin?action=interactive&provider=windows_live_id&return_url=https%3a%2f%2fwww.bing.com%2fprofile%2finterests&cancel_url=https%3a%2f%2fwww.bing.com%2fprofile%2finterests;github"], "reddit.com": ["https://www.reddit.com/login/;ok", "https://www.reddit.com/login/;google"], "tumblr.com": ["https://www.tumblr.com/login;google"], "vk.com": ["https://m.vk.com/;vk"], "nytimes.com": ["https://myaccount.nytimes.com/auth/login;apple", "https://myaccount.nytimes.com/auth/login;facebook", "https://myaccount.nytimes.com/auth/login;google"], "dropbox.com": ["https://www.dropbox.com/login;dropbox"], "medium.com": ["https://medium.com/m/signin;google"], "chaturbate.com": ["https://chaturbate.com/auth/login;vk", "https://chaturbate.com/auth/login;qq"], "csdn.net": ["https://passport.csdn.net/account/login;apple"], "theguardian.com": ["https://profile.theguardian.com/signin?INTCMP=DOTCOM_NEWHEADER_SIGNIN&componentEventParams=componentType%3Didentityauthentication%26componentId%3Dguardian_signin_header;google"], "imdb.com": ["https://www.imdb.com/registration/signin?ref=nv_generic_lgin;ok"], "tiktok.com": ["https://www.tiktok.com/login?redirect_url=https%3A%2F%2Fwww.tiktok.com%2F&lang=en&enter_method=mandatory;apple"], "issuu.com": ["https://issuu.com/signin?onLogin=%2F&issuu_product=header&issuu_subproduct=anon_home&issuu_context=signin&issuu_cta=log_up;ok", "https://issuu.com/signin?onLogin=%2F&issuu_product=header&issuu_subproduct=anon_home&issuu_context=signin&issuu_cta=log_up;google"], "yandex.ru": ["https://passport.yandex.com/auth/restore/login?retpath=%2F%2Fyandex.com%2Flegal%2F;yandex"], "etsy.com": ["https://www.etsy.com/signin?from_page=https%3A%2F%2Fwww.etsy.com%2F&workflow=c3Vic2NyaWJlX3RvX2VtYWlsX2xpc3Q6bmV3X2F0X2V0c3k6MTY0NTIxNDgwOTozMmMxODUyY2YyNjMyYjlmMjc2MTAzODk3MzhjMTM3Yw==;apple", "https://www.etsy.com/signin?from_page=https%3A%2F%2Fwww.etsy.com%2F&workflow=c3Vic2NyaWJlX3RvX2VtYWlsX2xpc3Q6bmV3X2F0X2V0c3k6MTY0NTIxNDgwOTozMmMxODUyY2YyNjMyYjlmMjc2MTAzODk3MzhjMTM3Yw==;vk", "https://www.etsy.com/signin?from_page=https%3A%2F%2Fwww.etsy.com%2F&workflow=c3Vic2NyaWJlX3RvX2VtYWlsX2xpc3Q6bmV3X2F0X2V0c3k6MTY0NTIxNDgwOTozMmMxODUyY2YyNjMyYjlmMjc2MTAzODk3MzhjMTM3Yw==;google"], "tinyurl.com": ["https://tinyurl.com/app/login;twitter", "https://tinyurl.com/app/login;facebook", "https://tinyurl.com/app/login;microsoft", "https://tinyurl.com/app/login;google"], "wix.com": ["https://users.wix.com/signin?postLogin=https%3A%2F%2Fwww.wix.com%2Fmy-account%2Fsites&view=sign-up&sendEmail=true&loginCompName=Get%20Started%20F1&referralInfo=Get%20Started%20F1;line"], "wsj.com": ["https://accounts.wsj.com/login?target=https%3A%2F%2Fwww.wsj.com%2F;line"]}