{"netflix.com": ["https://www.netflix.com/login;facebook"], "linkedin.com": ["https://www.linkedin.com/login;ok", "https://www.linkedin.com/login;line"], "apple.com": ["https://authors.apple.com/prepare-your-book/508-designing-a-great-digital-book-cover;ok"], "zhihu.com": ["https://www.zhihu.com/signin?next=%2F;qq"], "zoom.us": ["https://zoom.us/signin;facebook", "https://zoom.us/signin;google"], "weibo.com": ["https://weibo.com/overseas;weibo", "https://weibo.com/overseas;facebook", "https://weibo.com/overseas;sina"], "mozilla.org": ["https://bugzilla.mozilla.org/index.cgi?GoAheadAndLogIn=1;github"], "whatsapp.com": ["https://faq.whatsapp.com/web/download-and-installation/how-to-log-in-or-out/;ok"], "sogou.com": ["https://wan.sogou.com/;sina", "https://wan.sogou.com/;weixin", "https://wan.sogou.com/;qq"], "vk.com": ["https://m.vk.com/;facebook", "https://m.vk.com/;google"], "gravatar.com": ["https://en.gravatar.com/connect/;wordpress"], "spotify.com": ["https://www.spotify.com/it/login/;apple", "https://www.spotify.com/it/login/;facebook", "https://www.spotify.com/it/login/;google"], "soundcloud.com": ["https://checkout.soundcloud.com/go/buy/go-plus?ref=t1032;apple", "https://checkout.soundcloud.com/go/buy/go-plus?ref=t1032;facebook", "https://checkout.soundcloud.com/go/buy/go-plus?ref=t1032;google"], "dropbox.com": ["https://www.dropbox.com/login;apple", "https://www.dropbox.com/login;line", "https://www.dropbox.com/login;google"], "chaturbate.com": ["https://chaturbate.com/auth/login;google"], "theguardian.com": ["https://profile.theguardian.com/signin?INTCMP=DOTCOM_NEWHEADER_SIGNIN&componentEventParams=componentType%3Didentityauthentication%26componentId%3Dguardian_signin_header;apple", "https://profile.theguardian.com/signin?INTCMP=DOTCOM_NEWHEADER_SIGNIN&componentEventParams=componentType%3Didentityauthentication%26componentId%3Dguardian_signin_header;facebook"], "ebay.com": ["https://signin.ebay.com/ws/eBayISAPI.dll?SignIn&ru=https%3A%2F%2Fwww.ebay.com%2F;apple", "https://signin.ebay.com/ws/eBayISAPI.dll?SignIn&ru=https%3A%2F%2Fwww.ebay.com%2F;facebook", "https://signin.ebay.com/ws/eBayISAPI.dll?SignIn&ru=https%3A%2F%2Fwww.ebay.com%2F;google"], "imdb.com": ["https://www.imdb.com/registration/signin?ref=nv_generic_lgin;twitter"], "tiktok.com": ["https://www.tiktok.com/login?redirect_url=https%3A%2F%2Fwww.tiktok.com%2F&lang=en&enter_method=mandatory;ok"], "yahoo.co.jp": ["https://login.yahoo.co.jp/config/login;yahoo", "https://login.yahoo.co.jp/config/login;ok"], "issuu.com": ["https://issuu.com/signin?onLogin=%2F&issuu_product=header&issuu_subproduct=anon_home&issuu_context=signin&issuu_cta=log_up;line"], "stackoverflow.com": ["https://stackoverflow.com/users/login;github", "https://stackoverflow.com/users/login;facebook", "https://stackoverflow.com/users/login;google"]}